<?xml version="1.0" encoding="UTF-8"?>
<template>

    <t t-name="VoipSystemTray">
        <li class="o_mail_navbar_item">

            <a class="dropdown-toggle" data-toggle="dropdown" aria-expanded="false" title="VOIP" href="#">
                <i class="fa fa-phone"/>
            </a>
            <ul class="o_mail_navbar_dropdown dropdown-menu" role="menu" id="voip_tray">

            </ul>
        </li>
        <li class="o_mail_navbar_item">
            <a class="dropdown-toggle" data-toggle="dropdown" aria-expanded="false" title="VOIP Presence" href="#">
                <i id="voip_presence_light" class="fa fa-check-circle" style="color:green;"/>
            </a>
        </li>
    </t>

    <t t-name="VoipCallIncomingNotification" t-extend="Notification">
        <t t-jquery=".o_notification_title > t" t-operation="replace">
            <span  t-attf-class="link2event eid_{{widget.eid}}">
                <t t-esc="widget.title"/>
            </span>
        </t>
        <t t-jquery=".o_notification_content" t-operation="append">
            <br/>
            <img id="voipcallincomingimage"/><br/>
            <span id="callsecondsincomingleft"></span> seconds remaining...<br/>
            <br/>
            <button type="button" class="btn btn-sm btn-primary link2accept oe_highlight oe_form oe_button"><span>Accept</span></button>
            <button type="button" class="btn btn-sm btn-link link2reject">Reject</button>
        </t>
    </t>
    
        <t t-name="VoipCallOutgoingNotification" t-extend="Notification">
            <t t-jquery=".o_notification_title > t" t-operation="replace">
                <span  t-attf-class="link2event eid_{{widget.eid}}">
                    <t t-esc="widget.title"/>
                </span>
            </t>
            <t t-jquery=".o_notification_content" t-operation="append">
                <br/>
                <img id="voipcalloutgoingimage"/><br/>
                <span id="callsecondsoutgoingleft"></span> seconds remaining...<br/>
            </t>
    </t>

</template>
